,Start,End
0,2020-08-01 11:55:30.317587,2020-08-01 11:55:35.675330
1,2020-08-01 11:55:39.609482,2020-08-01 11:55:41.668453
2,2020-08-01 11:55:41.695436,2020-08-01 11:55:41.753566
3,2020-08-01 11:55:41.785450,2020-08-01 11:55:42.395966
4,2020-08-01 11:55:43.066442,2020-08-01 11:55:49.097175
5,2020-08-01 11:55:49.434852,2020-08-01 11:55:49.659712
6,2020-08-01 11:55:49.691693,2020-08-01 11:55:53.835938
7,2020-08-01 11:55:54.892293,2020-08-01 11:55:55.083546
8,2020-08-01 11:55:55.200522,2020-08-01 11:55:55.898775
9,2020-08-01 11:55:56.047280,2020-08-01 11:55:56.234284
